{
  "roc_auc": 0.8646482346832814,
  "avg_precision": 0.6544408616567557,
  "confusion_matrix": [
    [
      398,
      30
    ],
    [
      30,
      42
    ]
  ],
  "n_samples": 500,
  "n_churned": 72,
  "churn_rate": 0.144
}